{
  "project_info": {
    "project_number": "137261578474",
    "firebase_url": "https://enti-helloworld.firebaseio.com",
    "project_id": "enti-helloworld",
    "storage_bucket": "enti-helloworld.appspot.com"
  },
  "client": [
    {
      "client_info": {
        "mobilesdk_app_id": "1:137261578474:android:184957b6dfe5618d27bf93",
        "android_client_info": {
          "package_name": "edu.uoc.pac2"
        }
      },
      "oauth_client": [
        {
          "client_id": "137261578474-cal9lpp4ek6ua825ksgauqrv1e56h347.apps.googleusercontent.com",
          "client_type": 3
        }
      ],
      "api_key": [
        {
          "current_key": "AIzaSyCR1r7nCLjc4C6rhxftNbo3tslxV5KAkiQ"
        }
      ],
      "services": {
        "appinvite_service": {
          "other_platform_oauth_client": [
            {
              "client_id": "137261578474-cal9lpp4ek6ua825ksgauqrv1e56h347.apps.googleusercontent.com",
              "client_type": 3
            }
          ]
        }
      }
    }
  ],
  "configuration_version": "1"
}